organization_id,sender_ids
005f00c6ca254eadb4c3897623ea374f,"92f59270866949b49e298fc0423553a4,<nil>"
013568f9347e4d67b621407adf41993d,"92f59270866949b49e298fc0423553a4,<nil>"
015a320a7d8449958adb1178e8405954,92f59270866949b49e298fc0423553a4
01e680a31909453f9f9b5a8030440ab2,92f59270866949b49e298fc0423553a4
020ac3cb2d94498e981e0c0da3fc97de,"92f59270866949b49e298fc0423553a4,9846bb0a23e7429da86e4c3f25a3268f"
024590fecba041a8a167f98244f58a9d,
029c3627de7e4f159f241674620e7695,92f59270866949b49e298fc0423553a4
03ca5950126f47b3b2ad10ec3099c3b7,
040b87daeb54416e813000999e425282,92f59270866949b49e298fc0423553a4
045747632e254c22b9f20ed2483dc699,
08e7cde4d5c44b48bf3bb687aa7f2a2a,92f59270866949b49e298fc0423553a4
096c53c7649d4af78d6eaf54998569c9,"4c478108288c46f1bfabb67c8860ae53,92f59270866949b49e298fc0423553a4"
0a2a7c9bfe0b4814a983c97330f39a05,92f59270866949b49e298fc0423553a4
0a5a82e9fde845b2ac928c3c43156b89,92f59270866949b49e298fc0423553a4
0dc0c76e53544c9398eed95e2bbff90d,"92f59270866949b49e298fc0423553a4,a2dca46bb20c44d6aa9ab3bd3e1cdce6"
0fefaff3cf99423bb802d5a7d039f50b,"92f59270866949b49e298fc0423553a4,ef3d3f07a55042acaaded4839ba177e5"
1091146740734f838a149b4a7094805d,
11713ddee4444bb7afe2010718fff920,92f59270866949b49e298fc0423553a4
119ed100586d40f584c433f73fe47259,"<nil>,65df1d22a0834c56bdb6a9098245cf65,92f59270866949b49e298fc0423553a4"
11da21ffbffe457bbc21a24144052a29,92f59270866949b49e298fc0423553a4
12e9551a2ad54757919dddfc17a1824f,"7476273043e94d76ace8c30a4876ba0a,92f59270866949b49e298fc0423553a4"
15be892fd9574c6598258e069961b562,"<nil>,1939b2113067451f995c56d9344c1e41,92f59270866949b49e298fc0423553a4"
1726ac4278c04f64a2e25b626de4291a,
17ab997c77de43cb9e6b22b721fa4263,"92f59270866949b49e298fc0423553a4,ae373dac23664c0184bd89c3de58dc5b"
1a482a401fe84c3090226f5cac191fa3,92f59270866949b49e298fc0423553a4
1c0ac26bd9344737b0aa5c4c320f73b7,92f59270866949b49e298fc0423553a4
1c9006211b2646178946c2519f980937,"<nil>,92f59270866949b49e298fc0423553a4"
1d97e58e851f41cfbbb7a88af0f60d9d,92f59270866949b49e298fc0423553a4
1ff38d402e71409b8b6a88529c2e9a6c,"<nil>,4045999867974f37af4e78a0674362a0,92f59270866949b49e298fc0423553a4,fc6ac20ea4db4bf58494567c6ed4a31d"
218ef1f2f59e49c585210b73615d1ae1,"<nil>,0cd7a97b1fad4c8f8ac1a1156feb10f7,92f59270866949b49e298fc0423553a4"
22064c5cb0904adfb632659bc34f3e72,
22f1ba297bea40f3a57222f2cab22c18,"<nil>,7327e676f08046ab92ec653b2596efb5,92f59270866949b49e298fc0423553a4"
2359c8e5b19b442289b2ff1605c16ff5,92f59270866949b49e298fc0423553a4
2432d56776154f9389100cf72ced4d69,"<nil>,7677c0b20c134e948c88900048ca5696,92f59270866949b49e298fc0423553a4"
25156e5f180349c3bb163cdc9332cbb6,92f59270866949b49e298fc0423553a4
25cd885abd054b3195145f905f0c01c9,
264b212982d7440fac0bf400398ca92d,92f59270866949b49e298fc0423553a4
2652ff1256b84b5da19cc749d100b1d5,
27aa82f076064b8c8392a7087e8b183d,92f59270866949b49e298fc0423553a4
2832e18e103d417ab77dd95fc0fa9cdc,92f59270866949b49e298fc0423553a4
28336842d6b3498ca2bfe3034e350e41,"92f59270866949b49e298fc0423553a4,0f91ee2825f34186ae003e7bb3ae6bed"
28846b9d88ba46319c52bd7ce305fa20,"92f59270866949b49e298fc0423553a4,7599d3ab6c9141ae8854b0ca68d56035"
289efb98ecc34d1fa9293d0aa311230a,
2963275f10984fa6833a8f2cebefd7e6,92f59270866949b49e298fc0423553a4
299ca006bc8d4791b7b8cab26628c5f3,"a7dac137d257405aa35586cd9e1ab205,92f59270866949b49e298fc0423553a4"
2bd9e550de034354ac6690880fa5106f,"<nil>,92f59270866949b49e298fc0423553a4,1939b2113067451f995c56d9344c1e41"
2be8481ce1624a0fa6d8912d4b63bced,"1939b2113067451f995c56d9344c1e41,0986e89154974683ad3d3b68a87d9ef3,92f59270866949b49e298fc0423553a4,<nil>"
2e2e1da389d94dc18bf46f17312c1422,92f59270866949b49e298fc0423553a4
2f46dc46536140108b79646635bd2e21,92f59270866949b49e298fc0423553a4
30790e2adbb147cfbbe6c0882a9d7265,92f59270866949b49e298fc0423553a4
31077f0c0124407096916d220c34b614,92f59270866949b49e298fc0423553a4
3220ebda292444879707081d06f1e600,92f59270866949b49e298fc0423553a4
324334fcfdac41c28ba427c33f603f5a,92f59270866949b49e298fc0423553a4
327c5e57d0d946639fb68047dbd53811,92f59270866949b49e298fc0423553a4
340777844120408981eeeb85443858e7,
342184a0c0994d7089c474b8406027b0,
35f5c13aa1a94db08a64b153432b5bee,"<nil>,92f59270866949b49e298fc0423553a4,c0d83b7d7edc412493a17a7cb1d14200"
37124cdadb414794bbb987319e86b40f,"<nil>,0379b11137a94ba49726df08a7796f46,92f59270866949b49e298fc0423553a4,cbf4bdb0c2244c14a163e00fd2946f58"
37ff48628aeb4948b128a7af17a14d8e,92f59270866949b49e298fc0423553a4
395d9d3d40fe4519a3d7347273fead2c,
39998cb1abba45de854df5ef0610f9a3,92f59270866949b49e298fc0423553a4
39c9095472364c9fbed157030986a1aa,92f59270866949b49e298fc0423553a4
3bdb20ccf5054ea282db8dc7bb030915,
3c68701e0b1c48ddbaf01107559c417c,
3cb07e176b3640d9a7c6957f6ec63140,92f59270866949b49e298fc0423553a4
3cdd3afc5ac249de9828e90633307cbf,92f59270866949b49e298fc0423553a4
3de52f5ff0444e51a45c626e37f98720,92f59270866949b49e298fc0423553a4
3ed8065d49fd45248e8e53b774f5f2e1,92f59270866949b49e298fc0423553a4
3eef70175c7a4ce5a2d940404d08795c,92f59270866949b49e298fc0423553a4
3efe5bea443c4f05813217a264fb00c0,92f59270866949b49e298fc0423553a4
3f77340f36964fde819e57154548b763,92f59270866949b49e298fc0423553a4
408af4b702484a5fbc11da3a40b742dd,92f59270866949b49e298fc0423553a4
4398d5e69b284e0a82ecbcf8048c463a,"92f59270866949b49e298fc0423553a4,9a33ce95d4934d3087e7b2a87aa856f9"
45709558b57148a7a80dcceb2ed5401c,
4586b1f4a9e545339d5f53fc97d1a21e,92f59270866949b49e298fc0423553a4
45ab731941f449168c4febb7dc1e2e8d,
4729a85f44e741d2993e86296af7748c,92f59270866949b49e298fc0423553a4
4820a23d0ec446ef9241164cc6990836,
4ac62a21be524846a1d8bef64b11c46b,92f59270866949b49e298fc0423553a4
4ae182d6f51940efb2e1bf55bfda1919,"<nil>,92f59270866949b49e298fc0423553a4"
4cc1e965b07b4bdd8b6601c2f28d473f,"<nil>,92f59270866949b49e298fc0423553a4"
4e1335a8e86c4ba2bbd1f340b70bb955,"045c9307f6af4791b566e446bcd0c433,1939b2113067451f995c56d9344c1e41,92f59270866949b49e298fc0423553a4"
4f171262a5414908ac487f2d2de59d5a,
501f6a67d9d24f2ab92272b9cdbb00b5,
503512ff9e4641238ca0bc529e4ab141,"<nil>,66d5d9f89bec4428bb0500d70f7240bb,92f59270866949b49e298fc0423553a4"
53ccfa500c8747269a4b026c40ad2b13,92f59270866949b49e298fc0423553a4
54123ef324c4423099a7b871aa7db4a6,
5491ee5668134607b288986897bb1d24,
58fd2d6943414e4f8a167b0040daec7d,92f59270866949b49e298fc0423553a4
5cbaa35e245e4a74b121207f91dab6bd,92f59270866949b49e298fc0423553a4
5d4b389b92cc4105b8c3d953ef09bf1b,92f59270866949b49e298fc0423553a4
5f6984c5b0164a55a4c4b4d3d9ff32f4,92f59270866949b49e298fc0423553a4
5fe7be83044340aab40158e501e00b2d,92f59270866949b49e298fc0423553a4
6010d4b58d46485ea87a494183afb801,92f59270866949b49e298fc0423553a4
61efd067abee470b9f8aea0150ee5ea8,92f59270866949b49e298fc0423553a4
635b02d590fb4f3285287376d6c8c325,92f59270866949b49e298fc0423553a4
645de659404244da80d9bd726c78ae11,92f59270866949b49e298fc0423553a4
667b714eacf645dcb9f64cfa21562b7c,"1939b2113067451f995c56d9344c1e41,1c08da26579d4deba694146d052ce7bc,92f59270866949b49e298fc0423553a4"
66f306db32fd4047ba592706ebd4426c,92f59270866949b49e298fc0423553a4
6757f7728e234e3da0da7cf6be86fc36,"92f59270866949b49e298fc0423553a4,<nil>,352224759fa8447bacb5e8818d3e7ff9"
6a523e4a800d4eff8bb1497e6ce21b7a,"92f59270866949b49e298fc0423553a4,<nil>"
6a8db8db97a64d8fa37738c48fbb7325,"92f59270866949b49e298fc0423553a4,530d027097ad4d03a3b44437e3bc4c7a"
6bd6368257f549bd8319a529c5124ef9,92f59270866949b49e298fc0423553a4
6c6954aa5d8046cd95c47023a5777a8b,92f59270866949b49e298fc0423553a4
70426eb2a21f447a83cf023b44fb2ca1,
7069608f30864eabb1170f4c01b7b43b,"<nil>,92f59270866949b49e298fc0423553a4"
712733e6861842c9b2360abcfea392aa,"<nil>,92f59270866949b49e298fc0423553a4,bbcae77ad1914c148745a2c999777a34,dcdf6b0d4e504d6cabe6df450c93b847,f494a10c82e6455395755d3a83054a26"
717b4728ff414d5389551a272be052b1,"92f59270866949b49e298fc0423553a4,<nil>,33cf0231d66f4c85bb8f55045122a663,576bea1b8f65405fa00da262d763af78"
727ae5a92ade44c2bd1b266e79e3e889,
741f176c0ade4687aeb80a7ebd55d282,"92f59270866949b49e298fc0423553a4,650ab10f5e7843b4a9db7335d421d1d1"
746c28d84b0d4918a79ddd42b12712a4,"92f59270866949b49e298fc0423553a4,<nil>"
75f90a4c3e3d45a3b6fb6712ea68031d,92f59270866949b49e298fc0423553a4
769ff961d58f4efeae5158c996ad124d,92f59270866949b49e298fc0423553a4
76cfa0eeda4e4dd1bab2e917b484c988,"92f59270866949b49e298fc0423553a4,<nil>,84ee081446ba4a48b4e3ef4bcaf82ec7"
78d9a6526dfd401d87cd750421931bc2,92f59270866949b49e298fc0423553a4
78f02c3fd9624a1995bb7cae494303f2,92f59270866949b49e298fc0423553a4
7aedf8cc98524708a3cdd5eb191d9320,"<nil>,1939b2113067451f995c56d9344c1e41,92f59270866949b49e298fc0423553a4"
7b4969b283354e88a9037b2cafa32dfe,
7cbceff8ca0d4e4ab24e341c03476f4b,92f59270866949b49e298fc0423553a4
7e528cfa1c05425f944bd88ac397bfd4,92f59270866949b49e298fc0423553a4
7e7070d17cc9410897e7db4bb5add07f,92f59270866949b49e298fc0423553a4
7e95e67367b74d3f9d3264a3c1051404,
7ed68d2c3ba4426fb3f00e4cd8ddbb45,"4a54ece2ff9e401fa7dc7b71b521fee9,92f59270866949b49e298fc0423553a4"
7f744390a55b4238b0f90b1d14173404,92f59270866949b49e298fc0423553a4
80e114aa2cd84f488308c75d9978afb1,
82b3c1189fdf4d2cac83b0e170421830,92f59270866949b49e298fc0423553a4
82e12a1a27044aa2bd55019987fb6dce,"92f59270866949b49e298fc0423553a4,aacddcd2e8c34cc28356701cf2d543f5"
8342687f82f14d9f8c03cc1e6a26ca72,
83ae915ff98741fea5e845d460b0fedf,"75d6b934a0af43c59cdb487d5395a613,92f59270866949b49e298fc0423553a4"
882d01de81ec4ef491fa6698a71a7405,
8960d1ba39ae4aacaa868982ba38a4c3,"1939b2113067451f995c56d9344c1e41,92f59270866949b49e298fc0423553a4"
897dc1ce6f9d4f35a752c62813ee31fb,"<nil>,1939b2113067451f995c56d9344c1e41,6e2bb279327d43e9b5f01794efed870f,92f59270866949b49e298fc0423553a4"
8a498b3687fe4e0a9498973832685b73,"<nil>,92f59270866949b49e298fc0423553a4"
8b6c356f04fc4812bce7be2852339871,
8cb6627be5aa4d0fbc97d8c9efaca0a5,92f59270866949b49e298fc0423553a4
8d000ec7a1fa4058a810641af67c0429,"<nil>,1939b2113067451f995c56d9344c1e41,66f5e4a9073b4ab8bbf791e77f2c7b5d,92f59270866949b49e298fc0423553a4"
8df7b610c47d442a9894d09a89bd9cf8,"<nil>,5d650809a052454db0abd1aa5ba5db6b,92f59270866949b49e298fc0423553a4"
8e3ff2aeb688407f9a7e81f008c7fc87,
8f1f7c5a8d704c4cb3584734712f58f7,"<nil>,027de12eb29e46089338b72bfcf00581"
8f69e805fb9e417c822e6d380be25f99,
8fc267b2361f4738b3d017de4e85ea1d,"8e43709b837e431a959d9039fb7e5895,92f59270866949b49e298fc0423553a4"
9001d991aaf442c0b42dbf3539578f82,92f59270866949b49e298fc0423553a4
916d1781ad804d08b953f29503e5c461,92f59270866949b49e298fc0423553a4
92231792ed6e4c49a4b6e14033d9b1cb,92f59270866949b49e298fc0423553a4
9289fe76fe564485a73926dbd749927c,"<nil>,92f59270866949b49e298fc0423553a4"
931c587aa9c141a493504834fc5c0a84,
93407fcd0b5949459254a512a55298b5,
94ca870147624ac08808e5d7d77a14ff,
9609479277ce40c2ac67493499a28101,92f59270866949b49e298fc0423553a4
96c9679071bb40838085ed8e13226944,92f59270866949b49e298fc0423553a4
96ffb9fbd7024c5d93c4916e936b0350,92f59270866949b49e298fc0423553a4
974622f797b849ed81ee4b085cc7d141,"<nil>,134ef828128d42bdb4b7a7eb50c4ab18,92f59270866949b49e298fc0423553a4"
979b87aa49a140229063164d1615281c,"<nil>,258fdfc5e10b4606a99586a00e87c0ad,92f59270866949b49e298fc0423553a4"
983bcc76fd234e9cae082c8c242a65ac,
98d48c5102a84ee7a96646b90cd83bf2,
9985c90456674473ad96e21d4ca76598,"<nil>,1e8c033561f8449a9c4fefa8069f7085,92f59270866949b49e298fc0423553a4"
9a6efacaafde4845b7f9710c348c551b,92f59270866949b49e298fc0423553a4
9caeb273a3084fbe95e49aa1b09c8d49,92f59270866949b49e298fc0423553a4
9e4455f97e2b4c1cb081d37c6b388150,"<nil>,696b6e7dfd10420b9ce3371df0fffa93,92f59270866949b49e298fc0423553a4"
9e8a6334cb864a359086d4b62e177cff,"<nil>,1ff6b19dd44f49959e4e3385d60d72f4,675c0559058c43038ae1b37d8ae32def,92f59270866949b49e298fc0423553a4"
9eb952f1192b44d2a40e1059eb854e71,"8b730c8a1f6f4ce7aa2016c7dfb5f4ba,92f59270866949b49e298fc0423553a4"
9f7f9319dc184bb9bce8069354c7a4b2,92f59270866949b49e298fc0423553a4
9fb05271718045e5be6f5688d193c696,"1939b2113067451f995c56d9344c1e41,92f59270866949b49e298fc0423553a4"
a01435e351824134b45e81aba1b9f7b0,92f59270866949b49e298fc0423553a4
a020ca1d3aa44915aaf8a064afef344f,92f59270866949b49e298fc0423553a4
a0342f86552f4434b90acbabf267e710,
a1c9330c55394c428710b5237b801e5a,92f59270866949b49e298fc0423553a4
a263d5a6fa544d8385a50c5167bdd30a,
a3aa8bf20c784b4484c6c6b8692c8aff,92f59270866949b49e298fc0423553a4
a57fac47323045fb98ce80261d8618b2,92f59270866949b49e298fc0423553a4
a614029c5e4647af90a3752856b13a02,"<nil>,92f59270866949b49e298fc0423553a4,"
a65a514c3de94c88a15d7da75f48cedf,"92f59270866949b49e298fc0423553a4,<nil>"
a660ccc257724d2bb54d4c5220e9657a,"92f59270866949b49e298fc0423553a4,a858c2d699db4e5c8c927cf760167413,<nil>"
a68778d5c93042b09351c758a42b6c3d,92f59270866949b49e298fc0423553a4
a6d89c91653d4b2f930b21edf7a09f61,"2c5f9fe45d1d4747825582865c9bcafb,92f59270866949b49e298fc0423553a4"
a7092e8fa1e6478c98a993ee6dcbdd4e,"1939b2113067451f995c56d9344c1e41,92f59270866949b49e298fc0423553a4"
a70bbb3397d64a1da18d8df2a0bc44f8,"<nil>,,5d55e3e14d5e434d8d8d00ea15ad6832,92f59270866949b49e298fc0423553a4"
a767f4e33ea0423780fc6755f3adb08f,92f59270866949b49e298fc0423553a4
a7809d6fa13648abbf9068c6b640d8c0,"<nil>,92f59270866949b49e298fc0423553a4,bee10a910d374a03bc4fcb867a140b7b"
a78c06da0b11428fb3affd6c90f27401,92f59270866949b49e298fc0423553a4
a95710a44ce04dfaa78227c508b8e88a,"<nil>,92f59270866949b49e298fc0423553a4,a1826f67b1e64739a0099f1a13b29c6b,c97a3cbf246c4c1b9a2edf774a38e102"
a9859384c3fa494381b876ea71cd9b78,
a987433740e34a0b947497cba10dbad0,"<nil>,004e04ea434441f598b18aed655a6c22,92f59270866949b49e298fc0423553a4,a8280c039db34cefaa7b177bf7d924de"
aa66e59957104581b6b55e76c5f097ac,92f59270866949b49e298fc0423553a4
aa70cee182714480b4733d65c37902e7,
aabaaffd855e40cdad05a467bf12b585,92f59270866949b49e298fc0423553a4
aac6729ac1cf4f10ac3d9bc4885fe640,"92f59270866949b49e298fc0423553a4,e3f82738bc2e4f449a01f9a200a2064d"
ac88a532a2dd4873bf48c031ac1f7918,"92f59270866949b49e298fc0423553a4,a950045484c54177a00a841285549dd9"
afc694bfb9044f8fb94296c9e6a51043,
b0d0247f013d4b919cc2300305a8fd8e,"079d0588f02d4b0bb6171b92b5890aa3,92f59270866949b49e298fc0423553a4"
b18e80843b6b469e941d26f769c1f67f,92f59270866949b49e298fc0423553a4
b2954fd89c584bf2b3e48f2c46209d67,"92f59270866949b49e298fc0423553a4,<nil>,814774ec96b34ba7822a5881741a8cd3"
b52b046fe878472d84b360cc45d676e3,92f59270866949b49e298fc0423553a4
b70f8311a42c4d73aa148af99a275985,"<nil>,92f59270866949b49e298fc0423553a4"
b8addeefd2fd4bc4b976edfa4878f8d7,92f59270866949b49e298fc0423553a4
b98f6726b51846a7b2a6791ed03e6ed6,92f59270866949b49e298fc0423553a4
ba3b3a4e809e4a509a62d51eb3708290,92f59270866949b49e298fc0423553a4
bace9ef680f64970971f754bdcb96046,92f59270866949b49e298fc0423553a4
bbb5f421e24546e1b6869ebc21076752,
bd0a605a0f99403fb6d357946c338ef0,92f59270866949b49e298fc0423553a4
bdb01b19d157436abd6d6d87ec2fa95b,
be2355057dc840149172776019956df9,
be3f05df8a7547188b1645dcc74fe688,92f59270866949b49e298fc0423553a4
c178a5f26bcd4b86983b454498ae7722,
c25af2e1676f421fbba18e68d23671d8,"<nil>,92f59270866949b49e298fc0423553a4,f1b3c7c207e64f5a8c25d8882e5bb1e1"
c3917da72bc14fb98fec773e18a31ced,"1f2f1435d6a54f54af5767689353419d,92f59270866949b49e298fc0423553a4"
c4441e000f514e8fa72d2211b87addc9,"<nil>,45df3637fcaa40768a0efd152b3a55a2,92f59270866949b49e298fc0423553a4,d0d2883fdf524d38a6fa94dede34680d"
c4a640cfc5084672b97f6e1d76b5f7e5,"<nil>,272c8c9d2cc94b6ab57bf57ba8e7bbb4,92f59270866949b49e298fc0423553a4,ee625fe1864d40f9b07d11003e3088f3"
c611396bb9be4e4e94675a5326e1f174,92f59270866949b49e298fc0423553a4
c7518aed01724bee94880dc607438cdc,"215d0e132f3e42f1b410fb03fae1e4de,92f59270866949b49e298fc0423553a4,b0aeaf0c8c394592a0db1ca71b907b78"
c7bc5bf9472a4dd99cf035d600479919,92f59270866949b49e298fc0423553a4
c89314ef3f2943a1aceec5aaf5da9a79,"92f59270866949b49e298fc0423553a4,e5a63fca5caf4e07aaf2286c13d6e1f5"
ca34081427c34e369da9f63085b9fa98,
ca80f38d1951424b921d55fa80d0e0fc,92f59270866949b49e298fc0423553a4
ccb625b4ca1841c39851bd961c581550,92f59270866949b49e298fc0423553a4
ce067d9e8c454152bea4c75f4fd786ee,"<nil>,92f59270866949b49e298fc0423553a4"
ce9388c25c094ac08c0b899ee2b49ea6,
cfeadb932001457ab8e5964b9b82304e,92f59270866949b49e298fc0423553a4
cff74835bbbc4c448183ae8124c7a4eb,"50a11f3c1b5343c9a3b6813a5a8a8514,92f59270866949b49e298fc0423553a4"
d029f89a1cc14b17928ed6838743fd6f,
d202b22d0aee4883a01778d7f0526310,
d54f3b9e466649228e95596a35f316b3,92f59270866949b49e298fc0423553a4
d5f6d4cc888841bc8692323b1d2a9360,92f59270866949b49e298fc0423553a4
d620e201b03d46eba685f2d1400d6ee1,92f59270866949b49e298fc0423553a4
d6d585a988344c2b9fc325a5e2ddf9e0,"<nil>,60b9d3bf7c284e30ab84afafdeafa857,30aa2b400a4e4eb8a60811a1aae7786f,92f59270866949b49e298fc0423553a4"
d7ea82dc82194a1391e1965b268ba563,"92f59270866949b49e298fc0423553a4,ba3a3a810bd84c369784d1309b291338"
d870dc9efb20433a9af4b627d08c6050,"<nil>,92f59270866949b49e298fc0423553a4,3f5b134716084480af14ef566673e058"
d95c0875ad6b46c3a0a7d1ec3d20ab4e,"acad173b19ce4033bf33292345c62c35,<nil>"
d9a19544ac864b2ebad99f0337c5c60f,
da567a2486b44a52944d1d83a7679e86,
dac9e277b736470c8ebd50b306f50508,92f59270866949b49e298fc0423553a4
dd78445073ae4260a4a0acd4a6a78270,92f59270866949b49e298fc0423553a4
dd934badc4b0469a9f2d9dfcad4055e9,"efb61b11bf55447fb6667d4ab0c06c34,92f59270866949b49e298fc0423553a4"
ddf342fe963d41429ba6ebc508f22cb9,"<nil>,92f59270866949b49e298fc0423553a4,537a2ac4ce3148bc8ac79ea40e384699,77a7bf0a2c5c4fa6b416f40ba17c39b6"
de6fe76db1d048049702f94beab9da6c,92f59270866949b49e298fc0423553a4
def1026acac24673b583a4fc79e07547,92f59270866949b49e298fc0423553a4
df0599725cb6435d8cf8f4dd6130b7a1,92f59270866949b49e298fc0423553a4
df1adeb7226f480eaecbd620633bbde7,92f59270866949b49e298fc0423553a4
e0e03add162c4fd39c820cff76eb2e5a,92f59270866949b49e298fc0423553a4
e26b1f9f7212494aa31bf8baee07fa49,92f59270866949b49e298fc0423553a4
e2d13c41ef8b498ab68735fb7ec9f7f6,92f59270866949b49e298fc0423553a4
e3668d01f3c4453ab5a26b5fe627175f,92f59270866949b49e298fc0423553a4
e3b1749549a34a179c896fd433be5733,92f59270866949b49e298fc0423553a4
e3e481ca350d4383aab660d43145a858,92f59270866949b49e298fc0423553a4
e5996522999a4605b80e48b6e0d613a6,92f59270866949b49e298fc0423553a4
e6593d5d91764c5486aaf24547050ff3,92f59270866949b49e298fc0423553a4
e6a8eeb3a85f42f88d1695651bf4e1c5,92f59270866949b49e298fc0423553a4
e7200184000b4726b98bdcb19082f818,92f59270866949b49e298fc0423553a4
e7747b2240834b4880f0878b389b68da,92f59270866949b49e298fc0423553a4
e7cc314598f34fc8a48dab7a0a4c1b58,"<nil>,050cca4482174fbabcbadc640dd304d7,5f77cec6d88f49cd83a4e119454364aa,92f59270866949b49e298fc0423553a4"
e8026c2e77a442388d2f4ff27279b5ea,"<nil>,373d4c9018fc42b484e89ccc4349e43f,92f59270866949b49e298fc0423553a4"
e896db2725e243aaba5338c2eba5d278,
e98b1a90d5d54375968597126cb6f9b1,
eb29d6ee94c14072b54a263a2b5dd949,92f59270866949b49e298fc0423553a4
ee71977ffd9a48848fa8f264bd386213,
ef573e22f3b744979c1a90583a263b97,"<nil>,38f3458dc59647fe828a789ed0725818"
f09d6700a09347debd7739e44da6bc8a,"<nil>,92f59270866949b49e298fc0423553a4"
f1cc52fe149c416d9552eabe307ca50c,92f59270866949b49e298fc0423553a4
f3225238f05445a1acf382c9d233c4d3,92f59270866949b49e298fc0423553a4
f3321339d72d43fd818001ce2d213511,92f59270866949b49e298fc0423553a4
f3ef052d3b614cf6a578ccb167690081,"06bdad0a440c40f99703ebc2a270efb4,92f59270866949b49e298fc0423553a4"
f47537c892f940248bd2f01c868b4df8,"<nil>,92f59270866949b49e298fc0423553a4,ca8cea9618a54a2dab24391e8f89863d"
f5f5bae661524d27ac000a2c801f0ed5,"<nil>,92f59270866949b49e298fc0423553a4,f22d115105044d3ab5159a79b4954406"
f68cd0f801e041a1b7c123ec35927827,92f59270866949b49e298fc0423553a4
f694bfa800df4f1eb339d552894f6f29,92f59270866949b49e298fc0423553a4
f8bed34cf88c4773b175ced28f785a01,92f59270866949b49e298fc0423553a4
fa0b5503c413452cbb249a091011f9b3,"<nil>,92f59270866949b49e298fc0423553a4"
fa1d82412274455384d6cda8ecc05601,92f59270866949b49e298fc0423553a4
fb4e40417ef641fb852680f25af7b748,"<nil>,92f59270866949b49e298fc0423553a4,a26a87fe953b4bf4ab4c68163c17a761"
fc6811bc5dd1413181ce330e003e1b4c,"<nil>,92f59270866949b49e298fc0423553a4"
feb988f2141f4fa0b17b7f7c6f0e090c,92f59270866949b49e298fc0423553a4
ffeb5c2f45784884b677a01a8438add3,
aa5162189916473abfd8f54e8a83fae5,
4ff20bc291094146b8aa577e490e3281,<nil>
ceca4189f9d14dc981f7a12120c73cba,
356759d1df974f1c802f26605cb181be,"<nil>,,1939b2113067451f995c56d9344c1e41"
a0ad4159db944146a9b04445dd118e89,
73d0f22c19e344e184e475146b988e1f,"1939b2113067451f995c56d9344c1e41,<nil>"
b52199d512424c07ba972327527f6629,<nil>
35e4f7d801ba4c58812d0a1f2243f91d,"<nil>,1939b2113067451f995c56d9344c1e41"
0ae57929459b46ed8ca762e4643ca45d,
